Away_3P,Away_3PA,Away_AST,Away_BLK_PCT,Away_FG,Away_FGA,Away_FTA,Away_FTM,Away_ORB,Away_ORB_PCT,Away_STL,Away_TOV_PCT,Away_TRB,Date,Home,Home_3P,Home_3PA,Home_AST,Home_BLK_PCT,Home_FG,Home_FGA,Home_FTA,Home_FTM,Home_ORB,Home_ORB_PCT,Home_STL,Home_TOV_PCT,Home_TRB,Injuries,Referees,Visitor,awayPts,homePts
7,21,19,17.0,37,94,17,12,12,23.1,8,13.6,47,Jan 24 2018,Atlanta Hawks,14,36,25,16.4,39,89,25,16,12,25.5,10,14.5,52,["Lorenzo Brown"|"Bruno Caboclo"|"Malcolm Miller"|"DeAndre' Bembry"|"Tyler Cavanaugh"|"Josh Magette"|"Andrew White"],["Bennie Adams"|"Derrick Collins"|"Ben Taylor"],Toronto Raptors,93,108
6,21,16,9.8,36,85,31,18,10,22.7,5,12.4,49,Jan 24 2018,Charlotte Hornets,9,26,26,15.6,39,87,18,14,8,17.0,6,13.6,42,["Alexis Ajinca"|"Tony Allen"|"Charles Cooke"|"Solomon Hill"|"Frank Jackson"|"Mangok Mathiang"|"Marcus Paige"|"Cody Zeller"],["J.B. DeRosa"|"David Guthrie"|"Josh Tiven"],New Orleans Pelicans,96,101
15,35,24,6.5,35,82,18,12,9,20.0,5,12.6,49,Jan 24 2018,Dallas Mavericks,21,51,20,6.4,36,82,23,11,7,14.9,8,8.9,43,["Markel Brown"|"R.J. Hunter"|"Chinanu Onuaku"|"Zhou Qi"|"Troy Williams"|"Seth Curry"|"Dorian Finney-Smith"|"Jalen Jones"|"Nerlens Noel"],["Bill Kennedy"|"Aaron Smith"|"Michael Smith"],Houston Rockets,97,104
7,31,23,10.8,38,97,18,12,15,30.0,10,15.3,57,Jan 24 2018,Detroit Pistons,10,31,24,13.6,38,96,16,12,9,17.6,11,12.0,44,["Tony Bradley"|"Dante Exum"|"Erik McCree"|"Georges Niang"|"Thabo Sefolosha"|"Kay Felder"|"Reggie Hearn"|"Reggie Jackson"|"Jon Leuer"],["Ray Acosta"|"Pat Fraher"|"Ken Mauer"],Utah Jazz,95,98
9,24,32,6.1,45,80,25,17,3,8.6,11,11.7,39,Jan 24 2018,Indiana Pacers,9,35,22,3.6,35,84,29,22,10,21.7,3,14.2,42,["Marquese Chriss"|"Danuel House"|"Brandon Knight"|"Davon Reed"|"Alan Williams"|"Darren Collison"|"Glenn Robinson"|"Edmond Sumner"|"Myles Turner"],["Tony Brown"|"Jason Goldenberg"|"Derrick Stafford"],Phoenix Suns,116,101
5,21,26,9.4,35,79,39,27,10,21.3,6,16.5,40,Jan 24 2018,Los Angeles Clippers,14,40,25,5.2,39,93,22,21,10,25.0,10,11.2,47,["Kadeem Allen"|"Jabari Bird"|"Gordon Hayward"|"Guerschon Yabusele"|"Patrick Beverley"|"Danilo Gallinari"|"Brice Johnson"|"Austin Rivers"|"C.J. Williams"],["Rodney Mott"|"Scott Wall"|"Sean Wright"],Boston Celtics,102,113
2,18,19,6.9,36,83,14,11,9,20.9,7,16.0,41,Jan 24 2018,Memphis Grizzlies,10,24,29,9.2,38,82,25,22,11,25.6,9,12.3,45,["Matt Costello"|"Rudy Gay"|"Kawhi Leonard"|"Derrick White"|"Mike Conley"|"Tyreke Evans"|"JaMychal Green"|"Chandler Parsons"],["Kane Fitzgerald"|"Courtney Kirkland"|"Leon Wood"],San Antonio Spurs,85,108
16,32,31,12.3,42,81,20,15,6,15.4,6,13.5,48,Jan 24 2018,Philadelphia 76ers,11,37,20,4.1,36,94,22,18,10,19.2,8,9.6,43,["Antonio Blakeney"|"Kris Dunn"|"Cameron Payne"|"Jerryd Bayless"|"Markelle Fultz"|"Demetrius Jackson"|"Furkan Korkmaz"|"T.J. McConnell"|"J.J. Redick"],["Mike Callahan"|"Tre Maddox"|"Gary Zielinski"],Chicago Bulls,115,101
17,31,24,1.5,45,82,21,16,6,17.6,4,9.9,37,Jan 24 2018,Portland Trail Blazers,6,16,20,3.9,45,84,22,18,5,13.9,7,6.0,33,["Anthony Brown"|"Amile Jefferson"|"Justin Patton"|"Wade Baldwin"|"Caleb Swanigan"|"C.J. Wilcox"],["Brent Barnaky"|"Gediminas Petraitis"|"Bill Spooner"],Minnesota Timberwolves,123,114
14,28,36,3.3,48,80,24,20,2,6.3,3,12.6,32,Jan 25 2018,Denver Nuggets,8,21,32,9.6,45,82,24,20,3,9.1,9,9.8,33,["Tim Hardaway"|"Isaiah Hicks"|"Luke Kornet"|"Joakim Noah"|"Juan Hernangomez"|"Tyler Lydon"|"Paul Millsap"|"Monte Morris"],["Nick Buchert"|"Scott Foster"|"Dedric Taylor"],New York Knicks,130,118
21,37,37,9.9,48,89,15,9,11,26.8,9,13.6,47,Jan 25 2018,Golden State Warriors,6,20,25,5.8,46,101,18,15,13,26.5,9,8.4,43,["Anthony Brown"|"Amile Jefferson"|"Justin Patton"|"Jordan Bell"|"Chris Boucher"|"Quinn Cook"|"Damian Jones"|"Patrick McCaw"],["Matt Boland"|"Marc Davis"|"Scott Twardoski"],Minnesota Timberwolves,126,113
12,34,19,5.8,31,82,18,14,7,17.5,8,12.6,46,Jan 25 2018,Miami Heat,5,12,17,12.5,38,81,14,8,5,11.4,3,13.0,38,["Jack Cooley"|"Harry Giles"|"Frank Mason"|"JaKarr Sampson"|"A.J. Hammons"|"Tyler Johnson"|"Rodney McGruder"|"Dion Waiters"|"Okaro White"],["David Guthrie"|"Tom Washington"|"Haywoode Workman"],Sacramento Kings,88,89
9,27,18,11.8,45,87,29,22,13,32.5,16,12.3,40,Jan 25 2018,Oklahoma City Thunder,16,35,25,3.3,42,86,16,12,12,30.8,10,19.8,39,["Sheldon Mac"|"Devin Robinson"|"PJ Dozier"|"Dakari Johnson"|"Kyle Singler"],["Kevin Cutler"|"Ron Garretson"|"Zach Zarba"],Washington Wizards,121,112
17,36,21,10.4,35,93,24,16,16,29.6,3,11.2,53,Jan 26 2018,Chicago Bulls,5,24,23,5.3,41,91,28,21,10,21.3,6,8.0,48,["Lonzo Ball"|"Thomas Bryant"|"Luol Deng"|"Gary Payton"|"Ivica Zubac"|"Antonio Blakeney"|"Kris Dunn"|"Cameron Payne"],["Brett Nansel"|"Michael Smith"|"Bill Spooner"],Los Angeles Lakers,103,108
13,34,25,16.3,40,88,32,28,11,25.0,13,9.7,43,Jan 26 2018,Charlotte Hornets,15,30,23,9.3,37,79,25,21,6,15.8,6,18.2,39,["DeAndre' Bembry"|"Tyler Cavanaugh"|"Josh Magette"|"Isaiah Taylor"|"Andrew White"|"Mangok Mathiang"|"Marcus Paige"|"Cody Zeller"],["Ray Acosta"|"Karl Lane"|"Jason Phillips"],Atlanta Hawks,121,110
13,37,27,6.7,46,82,13,10,8,21.6,13,18.6,44,Jan 26 2018,Cleveland Cavaliers,13,31,27,2.2,43,91,11,9,8,18.2,13,14.3,37,["T.J. Leaf"|"Glenn Robinson"|"Edmond Sumner"|"Myles Turner"|"John Holland"|"London Perrantes"|"Dwyane Wade"|"Ante Zizic"],["Ken Mauer"|"Leon Wood"|"Gary Zielinski"],Indiana Pacers,115,108
10,30,17,6.1,35,89,17,13,8,15.4,9,4.9,37,Jan 26 2018,Dallas Mavericks,10,30,20,10.2,39,79,23,19,10,25.6,4,13.6,54,["Wade Baldwin"|"Caleb Swanigan"|"Evan Turner"|"C.J. Wilcox"|"Seth Curry"|"Dorian Finney-Smith"|"Devin Harris"|"Jalen Jones"|"Johnathan Motley"|"Nerlens Noel"],["Bennie Adams"|"Rodney Mott"|"J.T. Orr"],Portland Trail Blazers,93,107
8,27,31,17.0,39,81,18,14,8,19.5,1,17.6,43,Jan 26 2018,Memphis Grizzlies,10,27,23,11.1,39,80,29,21,3,7.9,15,9.7,36,["Patrick Beverley"|"Jawun Evans"|"Brice Johnson"|"Austin Rivers"|"C.J. Williams"|"Mike Conley"|"JaMychal Green"|"Chandler Parsons"|"Kobi Simmons"],["Tony Brown"|"Bill Kennedy"|"Tre Maddox"],Los Angeles Clippers,100,109
12,23,28,10.9,43,83,20,18,3,8.1,9,8.9,44,Jan 26 2018,Milwaukee Bucks,8,34,18,3.3,33,89,20,17,11,21.2,5,12.5,45,["Milton Doyle"|"Jeremy Lin"|"James Webb"|"Isaiah Whitehead"|"Malcolm Brogdon"|"Xavier Munford"|"Jabari Parker"|"Mirza Teletovic"],["Kane Fitzgerald"|"Eric Lewis"|"Aaron Smith"],Brooklyn Nets,116,91
11,27,36,11.9,44,82,21,16,6,15.4,8,14.1,42,Jan 26 2018,New Orleans Pelicans,12,36,22,3.6,36,78,35,29,2,5.3,10,11.4,35,["Markel Brown"|"R.J. Hunter"|"Chinanu Onuaku"|"Zhou Qi"|"Troy Williams"|"Alexis Ajinca"|"Tony Allen"|"Charles Cooke"|"Solomon Hill"|"Frank Jackson"],["Pat Fraher"|"John Goble"|"Kevin Scott"],Houston Rockets,115,113
11,33,15,5.0,33,94,13,8,12,23.5,6,12.3,42,Jan 26 2018,Phoenix Suns,9,25,25,16.4,41,85,22,16,10,25.0,7,14.5,49,["Damyean Dotson"|"Isaiah Hicks"|"Luke Kornet"|"Joakim Noah"|"Brandon Knight"|"Alex Len"|"Davon Reed"|"Alan Williams"],["Matt Boland"|"Gediminas Petraitis"|"Sean Wright"],New York Knicks,85,107
3,24,20,8.6,30,75,18,15,5,11.6,6,9.8,36,Jan 26 2018,San Antonio Spurs,9,21,23,7.8,38,79,18,12,12,27.9,5,9.4,50,["Markelle Fultz"|"Demetrius Jackson"|"Furkan Korkmaz"|"J.J. Redick"|"Matt Costello"|"Rudy Gay"|"Kawhi Leonard"|"Derrick White"],["Brent Barnaky"|"James Capers"|"Justin Van Duyne"],Philadelphia 76ers,78,97
7,27,23,19.7,37,95,17,12,16,30.2,10,9.7,52,Jan 26 2018,Toronto Raptors,10,21,20,7.4,36,87,21,15,10,21.7,7,11.9,47,["Tony Bradley"|"Dante Exum"|"Erik McCree"|"Georges Niang"|"Thabo Sefolosha"|"Lorenzo Brown"|"Bruno Caboclo"|"Malcolm Miller"],["Mike Callahan"|"Brian Forte"|"Jacyn Goble"],Utah Jazz,93,97
12,43,24,7.5,38,88,21,16,11,26.2,2,11.0,32,Jan 27 2018,Atlanta Hawks,18,32,40,13.3,49,85,14,13,7,25.0,7,11.6,38,["Sheldon Mac"|"Devin Robinson"|"John Wall"|"Tyler Cavanaugh"|"Josh Magette"|"Isaiah Taylor"|"Andrew White"],["Pat Fraher"|"Jonathan Sterling"|"Scott Wall"],Washington Wizards,104,129
12,33,23,14.8,34,81,15,11,9,20.5,6,13.8,53,Jan 27 2018,Denver Nuggets,11,31,17,10.4,34,85,19,10,8,15.4,8,7.9,43,["Seth Curry"|"Dorian Finney-Smith"|"Devin Harris"|"Jalen Jones"|"Johnathan Motley"|"Nerlens Noel"|"Juan Hernangomez"|"Tyler Lydon"|"Paul Millsap"|"Monte Morris"],["Ron Garretson"|"Derek Richardson"|"Sean Wright"],Dallas Mavericks,91,89
12,33,24,5.0,39,84,24,18,13,30.2,4,14.5,43,Jan 27 2018,Detroit Pistons,14,33,23,3.9,45,93,23,17,13,30.2,9,8.0,43,["PJ Dozier"|"Daniel Hamilton"|"Kyle Singler"|"Kay Felder"|"Reggie Hearn"|"Reggie Jackson"|"Jon Leuer"],["Mitchell Ervin"|"David Guthrie"|"Tom Washington"],Oklahoma City Thunder,108,121
10,27,19,15.8,38,84,26,23,10,22.7,9,10.3,43,Jan 27 2018,Golden State Warriors,14,28,17,3.5,37,85,24,17,11,25.0,6,12.8,45,["Kadeem Allen"|"Jabari Bird"|"Gordon Hayward"|"Marcus Smart"|"Guerschon Yabusele"|"Jordan Bell"|"Chris Boucher"|"Quinn Cook"|"Patrick McCaw"],["Nick Buchert"|"Derrick Stafford"|"Dedric Taylor"],Boston Celtics,109,105
5,18,25,1.9,47,87,19,15,9,25.0,9,8.6,38,Jan 27 2018,Indiana Pacers,8,25,21,10.1,42,77,32,20,13,31.0,6,13.3,40,["Jamel Artis"|"Jonathan Isaac"|"Terrence Ross"|"Nikola Vucevic"|"T.J. Leaf"|"Glenn Robinson"|"Edmond Sumner"],["Ben Taylor"|"C.J. Washington"|"Zach Zarba"],Orlando Magic,114,112
8,26,25,8.3,38,85,18,11,11,24.4,4,11.4,51,Jan 27 2018,Miami Heat,5,24,12,10.2,29,84,35,28,12,23.1,6,6.6,46,["Mangok Mathiang"|"Marcus Paige"|"Cody Zeller"|"A.J. Hammons"|"Rodney McGruder"|"Dion Waiters"|"Derrick Walton"|"Okaro White"],["Courtney Kirkland"|"Leroy Richardson"|"James Williams"],Charlotte Hornets,95,91
4,21,20,13.5,42,96,26,23,16,33.3,9,4.4,49,Jan 27 2018,Minnesota Timberwolves,9,30,22,9.3,38,82,15,12,11,25.0,3,14.5,43,["Milton Doyle"|"Rondae Hollis-Jefferson"|"Jeremy Lin"|"D'Angelo Russell"|"Anthony Brown"|"Amile Jefferson"|"Justin Patton"],["Tony Brothers"|"Kevin Cutler"|"J.B. DeRosa"],Brooklyn Nets,111,97
12,34,25,4.1,36,87,15,12,10,21.7,8,14.6,41,Jan 28 2018,Chicago Bulls,13,28,28,7.5,41,77,25,15,7,18.4,11,13.7,43,["Malcolm Brogdon"|"Xavier Munford"|"Jabari Parker"|"Mirza Teletovic"|"Antonio Blakeney"|"Kris Dunn"|"Cameron Payne"],["Derrick Collins"|"Mark Lindsay"|"Justin Van Duyne"],Milwaukee Bucks,96,110
15,35,27,5.1,42,83,26,22,4,10.0,2,9.6,45,Jan 28 2018,Cleveland Cavaliers,14,36,31,12.5,40,95,13,10,7,14.6,5,5.6,43,["Kay Felder"|"Reggie Hearn"|"Reggie Jackson"|"Jon Leuer"|"John Holland"|"London Perrantes"|"Dwyane Wade"|"Ante Zizic"],["Brett Nansel"|"Michael Smith"|"Bill Spooner"],Detroit Pistons,121,104
11,37,17,3.8,32,72,49,38,5,12.2,8,11.4,43,Jan 28 2018,Houston Rockets,8,33,17,5.7,36,85,26,22,7,15.6,7,11.1,43,["Danuel House"|"Brandon Knight"|"Alex Len"|"Alan Williams"|"Markel Brown"|"R.J. Hunter"|"Chinanu Onuaku"|"Zhou Qi"|"Troy Williams"],["Tyler Ford"|"Brian Forte"|"J.T. Orr"],Phoenix Suns,113,102
9,35,23,8.8,38,85,25,18,7,15.2,9,13.5,47,Jan 28 2018,New Orleans Pelicans,9,28,29,8.0,45,96,18,13,11,21.6,7,10.4,50,["Patrick Beverley"|"Brice Johnson"|"Austin Rivers"|"C.J. Williams"|"Alexis Ajinca"|"Tony Allen"|"Charles Cooke"|"Solomon Hill"|"Frank Jackson"],["Bennie Adams"|"Curtis Blair"|"Jason Phillips"],Los Angeles Clippers,103,112
10,33,21,6.4,45,92,30,22,17,37.8,7,8.7,41,Jan 28 2018,Oklahoma City Thunder,11,29,19,8.5,38,76,31,25,12,33.3,7,13.5,40,["Jerryd Bayless"|"Markelle Fultz"|"Demetrius Jackson"|"Furkan Korkmaz"|"J.J. Redick"|"PJ Dozier"|"Daniel Hamilton"|"Andre Roberson"],["Scott Foster"|"Eric Lewis"|"Aaron Smith"],Philadelphia 76ers,122,112
11,25,33,4.2,45,90,17,12,13,31.7,4,6.7,52,Jan 28 2018,San Antonio Spurs,18,34,21,4.6,35,82,11,10,6,13.3,5,9.4,34,["Willie Cauley-Stein"|"Jack Cooley"|"Harry Giles"|"Skal Labissiere"|"Frank Mason"|"Matt Costello"|"Rudy Gay"|"Kawhi Leonard"|"Derrick White"],["Tony Brown"|"Lauren Holtkamp"|"Gary Zielinski"],Sacramento Kings,113,98
12,31,23,6.1,46,92,25,19,12,27.9,4,12.0,53,Jan 28 2018,Toronto Raptors,8,25,22,6.6,40,91,33,23,13,24.1,9,11.7,44,["Lonzo Ball"|"Thomas Bryant"|"Luol Deng"|"Gary Payton"|"Ivica Zubac"|"Lorenzo Brown"|"Bruno Caboclo"|"Malcolm Miller"],["Rodney Mott"|"Josh Tiven"|"Scott Twardoski"],Los Angeles Lakers,123,111
13,34,27,12.5,39,79,16,14,8,22.2,8,19.6,44,Jan 29 2018,Atlanta Hawks,7,19,24,11.1,39,83,18,15,7,16.3,15,12.5,35,["Anthony Brown"|"Amile Jefferson"|"Justin Patton"|"DeAndre' Bembry"|"Tyler Cavanaugh"|"Josh Magette"|"Andrew White"],["Tyler Ford"|"David Guthrie"|"Lauren Holtkamp"],Minnesota Timberwolves,105,100
8,29,20,6.8,33,86,16,14,11,26.8,10,11.4,40,Jan 29 2018,Dallas Mavericks,12,31,23,19.3,34,75,19,15,11,27.5,9,16.1,41,["A.J. Hammons"|"Derrick Jones"|"Dion Waiters"|"Derrick Walton"|"Okaro White"|"J.J. Barea"|"Seth Curry"|"Dorian Finney-Smith"|"Jalen Jones"|"Johnathan Motley"|"Nerlens Noel"],["Curtis Blair"|"Derrick Stafford"|"Ben Taylor"],Miami Heat,88,95
10,33,31,5.5,42,93,21,16,15,33.3,4,8.9,47,Jan 29 2018,Denver Nuggets,17,36,28,10.0,43,91,10,8,10,23.8,4,8.6,40,["Jabari Bird"|"Gordon Hayward"|"Marcus Smart"|"Guerschon Yabusele"|"Wilson Chandler"|"Tyler Lydon"|"Paul Millsap"|"Monte Morris"],["James Capers"|"Kevin Cutler"|"Tre Maddox"],Boston Celtics,110,111
6,21,28,5.8,45,83,11,9,6,17.1,7,12.0,38,Jan 29 2018,Indiana Pacers,9,31,18,3.2,37,83,20,13,11,25.6,5,14.8,40,["Mangok Mathiang"|"Marcus Paige"|"Cody Zeller"|"Ben Moore"|"Glenn Robinson"|"Edmond Sumner"],["Brent Barnaky"|"John Goble"|"Haywoode Workman"],Charlotte Hornets,105,96
11,22,29,15.3,47,83,18,15,12,35.3,7,18.0,38,Jan 29 2018,Memphis Grizzlies,7,23,20,3.3,38,82,36,26,15,36.6,11,16.3,37,["Devin Booker"|"Marquese Chriss"|"Danuel House"|"Brandon Knight"|"Alan Williams"|"Mike Conley"|"James Ennis"|"JaMychal Green"|"Chandler Parsons"|"Kobi Simmons"],["Mike Callahan"|"Karl Lane"|"Scott Wall"],Phoenix Suns,120,109
11,28,26,14.3,38,80,22,20,8,19.5,6,9.1,42,Jan 29 2018,Milwaukee Bucks,2,26,22,7.7,36,82,23,21,10,22.7,5,13.2,43,["Joel Embiid"|"Markelle Fultz"|"Demetrius Jackson"|"Furkan Korkmaz"|"J.J. Redick"|"Xavier Munford"|"Jabari Parker"|"Mirza Teletovic"|"D.J. Wilson"],["Tony Brothers"|"Josh Tiven"|"Scott Twardoski"],Philadelphia 76ers,107,95
9,23,30,10.2,49,93,28,18,8,19.0,12,8.7,47,Jan 30 2018,Detroit Pistons,13,35,24,7.1,38,84,32,25,7,15.2,2,13.3,41,["John Holland"|"Cedi Osman"|"London Perrantes"|"Ante Zizic"|"Kay Felder"|"Blake Griffin"|"Reggie Jackson"|"Brice Johnson"|"Jon Leuer"|"Willie Reed"],["Derrick Collins"|"Kane Fitzgerald"|"Gediminas Petraitis"],Cleveland Cavaliers,125,114
13,35,17,9.6,39,77,28,23,8,23.5,5,11.8,40,Jan 30 2018,Houston Rockets,15,31,26,9.5,42,83,10,8,7,17.9,6,10.3,33,["Jamel Artis"|"Jonathan Isaac"|"Terrence Ross"|"Nikola Vucevic"|"Trevor Ariza"|"R.J. Hunter"|"Chinanu Onuaku"|"Zhou Qi"|"Troy Williams"],["Bennie Adams"|"Tony Brown"|"Dedric Taylor"],Orlando Magic,114,107
6,22,22,10.3,35,85,26,20,9,18.0,5,11.9,50,Jan 30 2018,Los Angeles Clippers,13,30,21,9.5,36,98,22,19,18,30.5,12,10.0,59,["Wade Baldwin"|"Caleb Swanigan"|"C.J. Wilcox"|"Patrick Beverley"|"Avery Bradley"|"Tobias Harris"|"Boban Marjanovic"|"C.J. Williams"],["Mark Lindsay"|"Justin Van Duyne"|"Zach Zarba"],Portland Trail Blazers,96,104
9,25,26,11.3,39,77,22,16,2,5.4,7,14.8,36,Jan 30 2018,New Orleans Pelicans,10,26,22,1.9,46,97,14,12,14,29.2,7,11.9,49,["Willie Cauley-Stein"|"Jack Cooley"|"Harry Giles"|"Skal Labissiere"|"Frank Mason"|"Alexis Ajinca"|"DeMarcus Cousins"|"Solomon Hill"|"Frank Jackson"],["Brett Nansel"|"Michael Smith"|"Bill Spooner"],Sacramento Kings,103,114
13,26,22,12.0,39,89,25,20,12,24.0,6,9.9,47,Jan 30 2018,New York Knicks,9,37,15,4.8,36,87,16,14,11,23.9,6,15.3,49,["Milton Doyle"|"Rondae Hollis-Jefferson"|"Caris LeVert"|"Jeremy Lin"|"Damyean Dotson"|"Isaiah Hicks"|"Luke Kornet"|"Joakim Noah"],["Ken Mauer"|"Jonathan Sterling"|"Leon Wood"],Brooklyn Nets,111,95
9,24,33,14.3,46,92,5,5,13,31.7,4,14.5,43,Jan 30 2018,San Antonio Spurs,10,23,22,8.8,40,86,14,14,10,25.0,11,12.4,38,["Tyler Lydon"|"Paul Millsap"|"Monte Morris"|"Mason Plumlee"|"Matt Costello"|"Rudy Gay"|"Kawhi Leonard"|"Derrick White"],["Brian Forte"|"Pat Fraher"|"Leroy Richardson"],Denver Nuggets,106,104
9,29,28,5.5,39,81,26,22,9,23.1,3,8.0,39,Jan 30 2018,Toronto Raptors,5,12,21,3.8,42,85,24,15,10,25.0,4,7.7,40,["Anthony Brown"|"Amile Jefferson"|"Justin Patton"|"Bruno Caboclo"|"C.J. Miles"|"Malcolm Miller"],["Jason Goldenberg"|"Jason Phillips"|"Kevin Scott"],Minnesota Timberwolves,109,104
14,28,25,5.0,53,91,14,9,7,21.2,16,10.2,42,Jan 30 2018,Utah Jazz,5,25,27,11.1,39,85,21,16,11,23.9,10,16.8,37,["Jordan Bell"|"Chris Boucher"|"Quinn Cook"|"Damian Jones"|"Kevon Looney"|"Tony Bradley"|"Dante Exum"|"Erik McCree"|"Thabo Sefolosha"],["Mark Ayotte"|"Ron Garretson"|"J.T. Orr"],Golden State Warriors,129,99
7,25,27,14.6,34,89,29,27,7,15.6,8,10.5,43,Jan 30 2018,Washington Wizards,9,32,19,12.5,30,80,34,27,14,28.0,7,17.4,52,["PJ Dozier"|"Daniel Hamilton"|"Andre Roberson"|"Sheldon Mac"|"Devin Robinson"|"John Wall"],["Tony Brothers"|"Jacyn Goble"|"Marat Kogut"],Oklahoma City Thunder,102,96
12,32,26,6.9,39,77,22,20,4,11.8,5,9.4,29,Jan 31 2018,Atlanta Hawks,17,32,29,2.2,46,90,18,14,12,32.4,6,9.3,42,["Mangok Mathiang"|"Marcus Paige"|"Marvin Williams"|"Cody Zeller"|"DeAndre' Bembry"|"Tyler Cavanaugh"|"Josh Magette"|"Andrew White"],["Eric Lewis"|"Josh Tiven"|"Scott Twardoski"],Charlotte Hornets,110,123
11,26,27,4.3,40,83,20,12,5,12.5,8,8.9,49,Jan 31 2018,Boston Celtics,3,17,16,7.0,28,87,21,14,9,17.0,4,12.7,44,["Ron Baker"|"Isaiah Hicks"|"Luke Kornet"|"Joakim Noah"|"Jabari Bird"|"Gordon Hayward"|"Kyrie Irving"|"Marcus Smart"],["Mike Callahan"|"Derrick Collins"|"Marat Kogut"],New York Knicks,103,73
13,32,19,15.5,39,77,28,25,9,25.0,3,11.0,39,Jan 31 2018,Brooklyn Nets,7,18,17,11.1,36,76,34,29,6,16.7,7,8.1,33,["Larry Drew"|"Markelle Fultz"|"Demetrius Jackson"|"Furkan Korkmaz"|"Milton Doyle"|"Rondae Hollis-Jefferson"|"Caris LeVert"|"Jeremy Lin"],["Curtis Blair"|"Nick Buchert"|"Rodney Mott"],Philadelphia 76ers,116,108
6,26,18,9.1,28,80,38,29,7,13.2,9,14.2,45,Jan 31 2018,Cleveland Cavaliers,3,28,17,9.3,36,83,25,14,6,13.6,8,16.8,52,["A.J. Hammons"|"Derrick Jones"|"Rodney McGruder"|"Dion Waiters"|"Derrick Walton"|"Okaro White"|"John Holland"|"Kevin Love"|"London Perrantes"|"Ante Zizic"],["Mitchell Ervin"|"Scott Foster"|"Karl Lane"],Miami Heat,91,89
10,26,20,7.1,37,70,31,21,8,22.9,16,14.3,33,Jan 31 2018,Indiana Pacers,12,26,20,2.3,39,82,15,11,14,35.9,10,16.9,41,["Mike Conley"|"James Ennis"|"Chandler Parsons"|"Kobi Simmons"|"Ben Moore"|"Glenn Robinson"|"Edmond Sumner"],["Sean Corbin"|"J.B. DeRosa"|"Ed Malloy"],Memphis Grizzlies,105,101
18,32,28,6.3,44,81,29,21,4,11.1,13,13.0,35,Jan 31 2018,Orlando Magic,4,20,18,2.0,39,83,30,23,11,26.2,7,14.3,43,["Lonzo Ball"|"Luol Deng"|"Gary Payton"|"Ivica Zubac"|"Jamel Artis"|"Jonathan Isaac"|"Terrence Ross"|"Nikola Vucevic"],["Jacyn Goble"|"Scott Wall"|"James Williams"],Los Angeles Lakers,127,105
11,30,23,5.8,40,83,15,11,8,19.0,9,15.9,47,Jan 31 2018,Phoenix Suns,10,36,18,7.5,32,88,26,14,15,27.8,11,10.8,49,["Seth Curry"|"Dorian Finney-Smith"|"Jalen Jones"|"Johnathan Motley"|"Nerlens Noel"|"Brandon Knight"|"Alex Len"|"Greg Monroe"|"Alan Williams"],["James Capers"|"Mark Lindsay"|"Tre Maddox"],Dallas Mavericks,102,88
15,32,21,9.2,46,82,20,17,5,17.2,3,15.8,48,Jan 31 2018,Portland Trail Blazers,13,34,19,8.0,41,99,22,13,12,21.8,10,5.2,36,["Kris Dunn"|"Nikola Mirotic"|"Cameron Payne"|"Wade Baldwin"|"Caleb Swanigan"|"C.J. Wilcox"],["Ron Garretson"|"Aaron Smith"|"Gary Zielinski"],Chicago Bulls,124,108
15,38,32,14.3,50,97,17,12,9,22.5,3,9.5,43,Feb 1 2018,Denver Nuggets,9,28,34,10.2,51,98,17,13,9,20.9,5,6.2,40,["PJ Dozier"|"Daniel Hamilton"|"Andre Roberson"|"Tyler Lydon"|"Paul Millsap"|"Monte Morris"|"Mason Plumlee"],["Tony Brown"|"Justin Van Duyne"|"Zach Zarba"],Oklahoma City Thunder,127,124
7,25,20,6.2,35,76,37,27,4,9.3,8,7.1,41,Feb 1 2018,Detroit Pistons,8,31,22,5.9,40,96,14,14,10,21.3,3,8.1,49,["Mario Chalmers"|"Mike Conley"|"Chandler Parsons"|"Kobi Simmons"|"Kay Felder"|"Reggie Hearn"|"Reggie Jackson"|"Jon Leuer"],["Jason Goldenberg"|"Rodney Mott"|"Leroy Richardson"],Memphis Grizzlies,104,102
7,19,27,12.5,42,78,20,17,4,12.5,8,13.0,39,Feb 1 2018,Minnesota Timberwolves,6,29,19,1.7,32,85,25,19,15,30.0,6,13.5,43,["Eric Bledsoe"|"Jabari Parker"|"Mirza Teletovic"|"Jason Terry"|"Anthony Brown"|"Amile Jefferson"|"Justin Patton"],["Pat Fraher"|"Ken Mauer"|"Jonathan Sterling"],Milwaukee Bucks,108,89
6,24,21,12.2,35,83,17,15,9,22.5,7,15.0,46,Feb 1 2018,San Antonio Spurs,14,42,20,11.9,37,83,17,14,7,15.9,10,9.0,38,["Trevor Ariza"|"Eric Gordon"|"R.J. Hunter"|"Chinanu Onuaku"|"Zhou Qi"|"Matt Costello"|"Rudy Gay"|"Kawhi Leonard"|"Derrick White"],["Mark Ayotte"|"Kevin Cutler"|"John Goble"],Houston Rockets,91,102
10,30,30,3.7,44,85,26,24,12,33.3,10,14.2,44,Feb 1 2018,Washington Wizards,12,29,20,5.5,44,83,24,19,8,20.0,7,16.1,32,["Bruno Caboclo"|"C.J. Miles"|"Malcolm Miller"|"Fred VanVleet"|"Sheldon Mac"|"Devin Robinson"|"John Wall"],["Karl Lane"|"Tom Washington"|"Haywoode Workman"],Toronto Raptors,122,119
11,24,26,6.1,45,89,20,18,7,17.9,8,10.1,42,Feb 2 2018,Boston Celtics,11,31,21,6.2,34,80,34,31,4,10.3,6,11.2,36,["DeAndre' Bembry"|"Tyler Cavanaugh"|"Josh Magette"|"Andrew White"|"Jabari Bird"|"Gordon Hayward"|"Kyrie Irving"|"Marcus Smart"],["Brian Forte"|"Jacyn Goble"|"Gediminas Petraitis"],Atlanta Hawks,119,110
9,29,20,12.1,37,82,23,16,5,11.6,7,10.7,38,Feb 2 2018,Brooklyn Nets,10,26,21,11.3,39,92,20,14,18,35.3,5,13.0,56,["Lonzo Ball"|"Luol Deng"|"Gary Payton"|"Ivica Zubac"|"Milton Doyle"|"Rondae Hollis-Jefferson"|"Jeremy Lin"|"Isaiah Whitehead"],["Mike Callahan"|"Jason Goldenberg"|"Dedric Taylor"],Los Angeles Lakers,99,102
15,33,27,3.4,44,83,34,30,11,31.4,5,13.3,43,Feb 2 2018,Charlotte Hornets,12,29,21,12.0,44,87,28,26,7,17.9,10,10.0,31,["Ike Anigbogu"|"Ben Moore"|"Glenn Robinson"|"Edmond Sumner"|"Mangok Mathiang"|"Marcus Paige"|"Marvin Williams"],["Mitchell Ervin"|"Scott Foster"|"Michael Smith"],Indiana Pacers,133,126
7,24,18,12.5,33,76,26,19,4,9.3,10,11.2,36,Feb 2 2018,Milwaukee Bucks,5,25,24,7.7,36,89,17,13,18,36.0,7,15.7,57,["Ron Baker"|"Isaiah Hicks"|"Luke Kornet"|"Joakim Noah"|"Malcolm Brogdon"|"Marshall Plumlee"|"Mirza Teletovic"|"Jason Terry"],["Sean Corbin"|"David Guthrie"|"Haywoode Workman"],New York Knicks,92,90
9,36,24,7.6,37,97,20,17,15,29.4,6,13.1,52,Feb 2 2018,Oklahoma City Thunder,13,24,30,3.3,46,90,13,9,5,11.9,10,14.3,41,["Alexis Ajinca"|"DeMarcus Cousins"|"Solomon Hill"|"Frank Jackson"|"PJ Dozier"|"Daniel Hamilton"|"Andre Roberson"],["Tyler Ford"|"Mark Lindsay"|"James Williams"],New Orleans Pelicans,100,114
8,24,28,8.0,42,85,15,11,9,21.4,9,9.8,39,Feb 2 2018,Philadelphia 76ers,12,37,20,8.2,34,87,26,17,16,34.8,3,10.1,49,["A.J. Hammons"|"Derrick Jones"|"Rodney McGruder"|"Dion Waiters"|"Derrick Walton"|"Okaro White"|"Markelle Fultz"|"Demetrius Jackson"|"Furkan Korkmaz"|"Timothe Luwawu-Cabarrot"|"James Young"],["Derrick Collins"|"Lauren Holtkamp"|"Jason Phillips"],Miami Heat,103,97
9,33,19,8.2,36,87,19,16,6,12.5,7,11.2,32,Feb 2 2018,Phoenix Suns,15,29,30,11.1,51,90,17,12,9,25.7,7,10.1,51,["Tony Bradley"|"Dante Exum"|"Erik McCree"|"Georges Niang"|"Thabo Sefolosha"|"Isaiah Canaan"|"Brandon Knight"|"Alex Len"|"Alan Williams"],["Kane Fitzgerald"|"Brett Nansel"|"Kevin Scott"],Utah Jazz,97,129
10,25,22,6.4,42,95,15,10,6,12.0,16,9.0,33,Feb 2 2018,Sacramento Kings,17,33,25,5.7,44,80,16,14,7,20.6,8,22.3,51,["Jordan Bell"|"Chris Boucher"|"Andre Iguodala"|"Shaun Livingston"|"David West"|"Jack Cooley"|"Harry Giles"|"Skal Labissiere"|"Frank Mason"],["Bennie Adams"|"Aaron Smith"|"Zach Zarba"],Golden State Warriors,104,119
19,40,21,7.7,46,99,21,19,17,34.7,5,5.3,42,Feb 2 2018,Toronto Raptors,7,21,20,3.4,37,73,33,24,4,13.8,4,10.3,36,["Wade Baldwin"|"Caleb Swanigan"|"C.J. Wilcox"|"Lorenzo Brown"|"Bruno Caboclo"|"C.J. Miles"|"Malcolm Miller"],["Curtis Blair"|"Tony Brothers"|"Marat Kogut"],Portland Trail Blazers,130,105
8,30,22,7.1,34,87,16,12,5,9.6,4,10.5,47,Feb 3 2018,Cleveland Cavaliers,19,51,28,8.8,44,93,16,13,6,12.5,6,7.4,53,["Trevor Ariza"|"R.J. Hunter"|"Chinanu Onuaku"|"Zhou Qi"|"Troy Williams"|"John Holland"|"Kevin Love"|"London Perrantes"|"Ante Zizic"],["Tony Brothers"|"J.T. Orr"|"Josh Tiven"],Houston Rockets,88,120
12,29,28,0.0,39,91,29,25,16,34.0,7,12.6,48,Feb 3 2018,Denver Nuggets,8,31,28,16.1,43,86,23,14,11,25.6,9,11.9,42,["Jordan Bell"|"Chris Boucher"|"Quinn Cook"|"David West"|"Tyler Lydon"|"Paul Millsap"|"Monte Morris"|"Mason Plumlee"],["Ray Acosta"|"Ed Malloy"|"Ben Taylor"],Golden State Warriors,115,108
9,26,23,9.1,44,84,17,14,13,33.3,7,15.7,49,Feb 3 2018,Detroit Pistons,14,36,30,6.9,44,91,7,5,7,16.3,13,10.5,33,["A.J. Hammons"|"Derrick Jones"|"Rodney McGruder"|"Dion Waiters"|"Derrick Walton"|"Okaro White"|"Kay Felder"|"Reggie Hearn"|"Reggie Jackson"|"Jon Leuer"],["Brian Forte"|"Jacyn Goble"|"Dedric Taylor"],Miami Heat,111,107
9,27,25,14.5,35,79,25,21,6,15.0,15,12.6,42,Feb 3 2018,Indiana Pacers,10,32,21,3.8,33,87,24,16,15,29.4,8,15.6,49,["Markelle Fultz"|"Demetrius Jackson"|"Furkan Korkmaz"|"Timothe Luwawu-Cabarrot"|"James Young"|"Ike Anigbogu"|"Ben Moore"|"Glenn Robinson"|"Edmond Sumner"],["Ken Mauer"|"Jonathan Sterling"|"Gary Zielinski"],Philadelphia 76ers,100,92
9,25,23,8.3,40,88,28,24,10,22.2,4,11.5,54,Feb 3 2018,Los Angeles Clippers,12,37,22,6.3,35,97,21,21,13,22.8,6,9.4,48,["Tony Allen"|"Omer Asik"|"Kris Dunn"|"Jameer Nelson"|"Cameron Payne"|"Patrick Beverley"|"Austin Rivers"|"C.J. Williams"],["Kevin Cutler"|"Bill Spooner"|"Leon Wood"],Chicago Bulls,113,103
10,21,21,4.4,48,95,16,12,12,26.7,9,10.5,50,Feb 3 2018,Minnesota Timberwolves,8,33,23,10.8,42,101,17,15,18,32.1,9,10.7,51,["Alexis Ajinca"|"DeMarcus Cousins"|"Solomon Hill"|"Frank Jackson"|"Anthony Brown"|"Amile Jefferson"|"Justin Patton"],["David Guthrie"|"Scott Wall"|"C.J. Washington"],New Orleans Pelicans,118,107
10,32,17,6.8,34,77,22,20,10,27.8,12,18.7,35,Feb 3 2018,Orlando Magic,7,26,35,13.3,46,85,18,16,12,32.4,14,13.1,38,["Sheldon Mac"|"Devin Robinson"|"John Wall"|"Jamel Artis"|"Jonathan Isaac"|"Terrence Ross"|"Nikola Vucevic"],["Brent Barnaky"|"Scott Foster"|"Lauren Holtkamp"],Washington Wizards,98,115
8,27,23,7.1,43,82,6,5,7,20.6,11,15.9,32,Feb 3 2018,Sacramento Kings,13,41,28,0.0,41,83,14,11,9,26.5,8,12.7,36,["Seth Curry"|"Dorian Finney-Smith"|"Jalen Jones"|"Nerlens Noel"|"Jack Cooley"|"Harry Giles"|"Skal Labissiere"|"Frank Mason"],["Kane Fitzgerald"|"Ron Garretson"|"Kevin Scott"],Dallas Mavericks,99,106
10,26,25,10.9,44,91,18,13,11,25.6,9,10.8,36,Feb 3 2018,San Antonio Spurs,12,23,26,7.7,39,69,36,30,5,16.7,6,16.7,37,["Tony Bradley"|"Dante Exum"|"Erik McCree"|"Georges Niang"|"Thabo Sefolosha"|"Matt Costello"|"Rudy Gay"|"Kawhi Leonard"|"Derrick White"],["J.B. DeRosa"|"Eric Lewis"|"James Williams"],Utah Jazz,111,120
15,36,24,10.0,35,85,17,12,9,20.0,3,10.6,51,Feb 4 2018,Boston Celtics,13,31,21,18.4,36,91,14,11,10,19.2,4,7.6,46,["Shabazz Napier"|"Caleb Swanigan"|"C.J. Wilcox"|"Jabari Bird"|"Gordon Hayward"|"Kyrie Irving"|"Marcus Smart"],["Sean Corbin"|"Tom Washington"|"Haywoode Workman"],Portland Trail Blazers,97,96
9,29,25,1.6,37,90,14,11,11,21.6,5,8.6,36,Feb 4 2018,Brooklyn Nets,8,19,19,11.5,42,81,21,17,14,35.9,3,12.6,54,["Malcolm Brogdon"|"Xavier Munford"|"Mirza Teletovic"|"D.J. Wilson"|"Milton Doyle"|"Rondae Hollis-Jefferson"|"Jeremy Lin"|"Isaiah Whitehead"],["Tony Brown"|"Mitchell Ervin"|"Derrick Stafford"],Milwaukee Bucks,94,109
5,23,16,14.8,41,94,15,9,16,34.0,10,13.0,48,Feb 4 2018,New York Knicks,15,33,25,4.2,35,87,19,14,13,28.9,6,14.4,44,["Tyler Cavanaugh"|"Ersan Ilyasova"|"Josh Magette"|"Andrew White"|"Ron Baker"|"Isaiah Hicks"|"Luke Kornet"|"Joakim Noah"],["Pat Fraher"|"Jason Goldenberg"|"Leroy Richardson"],Atlanta Hawks,96,99
7,25,17,10.7,40,89,25,17,13,28.9,13,14.5,46,Feb 4 2018,Oklahoma City Thunder,13,30,24,10.9,42,86,18,11,8,19.5,6,16.8,40,["Lonzo Ball"|"Luol Deng"|"Gary Payton"|"Ivica Zubac"|"PJ Dozier"|"Daniel Hamilton"|"Andre Roberson"],["Nick Buchert"|"Karl Lane"|"Jason Phillips"],Los Angeles Lakers,104,108
15,29,24,6.9,41,77,13,13,2,6.3,4,18.7,39,Feb 4 2018,Phoenix Suns,10,38,24,12.5,40,96,29,25,13,26.0,12,6.9,43,["Mangok Mathiang"|"Marcus Paige"|"Marvin Williams"|"Isaiah Canaan"|"Marquese Chriss"|"Brandon Knight"|"Alan Williams"],["Bennie Adams"|"Rodney Mott"|"Justin Van Duyne"],Charlotte Hornets,110,115
6,35,21,12.5,41,89,15,13,10,23.8,13,10.3,44,Feb 4 2018,Toronto Raptors,8,25,17,11.1,29,81,23,20,13,27.7,7,17.3,45,["Mike Conley"|"Tyreke Evans"|"Myke Henry"|"Chandler Parsons"|"Kobi Simmons"|"Lorenzo Brown"|"Bruno Caboclo"|"Malcolm Miller"],["Mark Lindsay"|"Gediminas Petraitis"|"Michael Smith"],Memphis Grizzlies,101,86
18,34,30,3.9,46,81,13,11,5,13.9,10,11.3,41,Feb 5 2018,Denver Nuggets,11,26,21,2.1,39,77,24,15,5,12.2,7,10.3,36,["Mangok Mathiang"|"Marcus Paige"|"Marvin Williams"|"Tyler Lydon"|"Paul Millsap"|"Monte Morris"|"Mason Plumlee"],["Kane Fitzgerald"|"Brett Nansel"|"Kevin Scott"],Charlotte Hornets,121,104
15,30,36,6.6,44,88,12,8,10,23.8,7,13.0,51,Feb 5 2018,Detroit Pistons,10,33,18,8.6,37,94,8,7,13,24.1,9,11.8,45,["Wade Baldwin"|"Evan Turner"|"C.J. Wilcox"|"Dwight Buycks"|"Reggie Jackson"|"Brice Johnson"|"Jon Leuer"],["J.B. DeRosa"|"John Goble"|"Scott Wall"],Portland Trail Blazers,111,91
12,29,19,3.5,37,80,25,16,8,18.2,6,15.0,35,Feb 5 2018,Indiana Pacers,7,25,29,2.0,45,82,17,14,7,20.6,8,13.5,43,["Sheldon Mac"|"Devin Robinson"|"John Wall"|"Ike Anigbogu"|"Darren Collison"|"Victor Oladipo"|"Glenn Robinson"|"Edmond Sumner"],["Tyler Ford"|"Eric Lewis"|"Scott Twardoski"],Washington Wizards,102,111
10,27,28,7.9,42,87,12,10,5,13.9,10,12.3,39,Feb 5 2018,Los Angeles Clippers,17,42,22,8.3,33,80,20,18,7,17.1,5,18.4,38,["Harrison Barnes"|"Seth Curry"|"Dorian Finney-Smith"|"Nerlens Noel"|"Patrick Beverley"|"Austin Rivers"|"C.J. Williams"],["Ray Acosta"|"Ed Malloy"|"Ben Taylor"],Dallas Mavericks,104,101
3,23,21,7.4,40,93,35,26,17,33.3,5,10.0,53,Feb 5 2018,Miami Heat,13,30,25,7.1,41,84,19,16,5,12.2,8,10.6,39,["Jamel Artis"|"Jonathan Isaac"|"Terrence Ross"|"Nikola Vucevic"|"A.J. Hammons"|"Derrick Jones"|"Rodney McGruder"|"Dion Waiters"|"Derrick Walton"|"Okaro White"],["David Guthrie"|"C.J. Washington"|"Gary Zielinski"],Orlando Magic,109,111
8,22,24,8.8,47,93,13,7,6,14.3,10,12.4,30,Feb 5 2018,New Orleans Pelicans,14,21,29,7.0,52,89,17,15,9,27.3,6,11.9,45,["Tony Bradley"|"Dante Exum"|"Georges Niang"|"Thabo Sefolosha"|"Alexis Ajinca"|"Charles Cooke"|"DeMarcus Cousins"|"Solomon Hill"|"Frank Jackson"],["Derrick Collins"|"Jacyn Goble"|"Sean Wright"],Utah Jazz,109,133
11,32,22,11.4,37,84,25,19,9,19.6,5,10.4,45,Feb 5 2018,Sacramento Kings,14,36,20,1.9,32,80,24,20,9,20.0,6,11.7,46,["Tony Allen"|"Kris Dunn"|"Jameer Nelson"|"Cameron Payne"|"Jack Cooley"|"Harry Giles"|"Skal Labissiere"|"Frank Mason"],["Marat Kogut"|"Rodney Mott"|"Justin Van Duyne"],Chicago Bulls,104,98
8,25,29,8.8,42,83,21,16,8,22.2,13,12.4,36,Feb 6 2018,Atlanta Hawks,4,22,23,8.6,34,79,13,10,9,24.3,7,22.8,37,["Mike Conley"|"Tyreke Evans"|"Myke Henry"|"Kobi Simmons"|"DeAndre' Bembry"|"Tyler Cavanaugh"|"Josh Magette"|"Andrew White"],["Sean Corbin"|"C.J. Washington"|"James Williams"],Memphis Grizzlies,108,82
16,35,24,4.2,41,85,17,15,10,23.8,8,10.6,37,Feb 6 2018,Brooklyn Nets,16,33,16,14.0,45,81,21,17,8,22.9,7,10.9,40,["R.J. Hunter"|"Chinanu Onuaku"|"Zhou Qi"|"Troy Williams"|"Quincy Acy"|"Milton Doyle"|"Rondae Hollis-Jefferson"|"Jeremy Lin"],["Brian Forte"|"Haywoode Workman"|"Zach Zarba"],Houston Rockets,113,123
8,28,27,12.9,37,76,31,23,10,25.0,7,21.8,45,Feb 6 2018,Golden State Warriors,12,31,17,6.3,44,93,33,25,10,22.2,14,10.0,40,["PJ Dozier"|"Daniel Hamilton"|"Andre Roberson"|"Jordan Bell"|"Chris Boucher"|"Quinn Cook"|"Damian Jones"],["Lauren Holtkamp"|"Marat Kogut"|"Ken Mauer"],Oklahoma City Thunder,105,125
11,26,19,10.8,39,83,26,23,12,27.3,7,12.9,56,Feb 6 2018,Los Angeles Lakers,8,29,24,7.0,36,94,23,13,16,26.7,4,9.6,48,["Devin Booker"|"Isaiah Canaan"|"Danuel House"|"Brandon Knight"|"Alan Williams"|"Lonzo Ball"|"Thomas Bryant"|"Luol Deng"|"Gary Payton"],["Tre Maddox"|"Ed Malloy"|"Ben Taylor"],Phoenix Suns,112,93
